a,26/05/2026 21:49:27,Thành công
a,26/05/2026 22:05:34,Thành công
a,27/05/2026 11:56:21,Thành công
a,27/05/2026 11:57:39,Thành công
a,28/05/2026 22:30:15,Thành công
a,28/05/2026 23:14:39,Thành công
a,28/05/2026 23:23:05,Thành công
a,28/05/2026 23:32:35,Thành công
a,28/05/2026 23:35:02,Thành công
a,28/05/2026 23:35:24,Thành công
a,28/05/2026 23:39:45,Thành công
a,28/05/2026 23:49:38,Thành công
a,28/05/2026 23:55:16,Thành công
a,28/05/2026 23:58:40,Thành công
a,29/05/2026 00:05:41,Thành công
a,29/05/2026 00:11:42,Thành công
a,29/05/2026 00:12:52,Thành công
a,29/05/2026 00:22:38,Thành công
a,2026-05-29 00:45:06,Success
a,2026-05-29 00:48:20,Success
a,2026-05-29 00:50:40,Success
